CAP1,5A8D06DD-8C32-4821-AC65-BD47294ACD8E
CAP2,5A8D06DD-8C32-4821-AC65-BD47294ACD8E
CAP3,5A8D06DD-8C32-4821-AC65-BD47294ACD8E
CAP4,5A8D06DD-8C32-4821-AC65-BD47294ACD8E
CAP5,5A8D06DD-8C32-4821-AC65-BD47294ACD8E
CAP6,5A8D06DD-8C32-4821-AC65-BD47294ACD8E
CAP7,5A8D06DD-8C32-4821-AC65-BD47294ACD8E
CAP8,5A8D06DD-8C32-4821-AC65-BD47294ACD8E
CAP9,5A8D06DD-8C32-4821-AC65-BD47294ACD8E
CAP10,5A8D06DD-8C32-4821-AC65-BD47294ACD8E
CAP11,5A8D06DD-8C32-4821-AC65-BD47294ACD8E
CAP12,5A8D06DD-8C32-4821-AC65-BD47294ACD8E
CAP13,5A8D06DD-8C32-4821-AC65-BD47294ACD8E
CAP14,5A8D06DD-8C32-4821-AC65-BD47294ACD8E
CAP15,5A8D06DD-8C32-4821-AC65-BD47294ACD8E
CAP16,5A8D06DD-8C32-4821-AC65-BD47294ACD8E
CAP17,5A8D06DD-8C32-4821-AC65-BD47294ACD8E
CAP18,5A8D06DD-8C32-4821-AC65-BD47294ACD8E
CAP19,5A8D06DD-8C32-4821-AC65-BD47294ACD8E
