CAP-C-001	5A8D06DD-8C32-4821-AC65-BD47294ACD8E
CAP-C-002	5A8D06DD-8C32-4821-AC65-BD47294ACD8E
CAP-C-003	5A8D06DD-8C32-4821-AC65-BD47294ACD8E
CAP-C-004	5A8D06DD-8C32-4821-AC65-BD47294ACD8E
CAP-C-005	5A8D06DD-8C32-4821-AC65-BD47294ACD8E
CAP-C-006	5A8D06DD-8C32-4821-AC65-BD47294ACD8E
CAP-N-007	5A8D06DD-8C32-4821-AC65-BD47294ACD8E
CAP-N-008	5A8D06DD-8C32-4821-AC65-BD47294ACD8E
CAP-N-009	5A8D06DD-8C32-4821-AC65-BD47294ACD8E
CAP-N-010	5A8D06DD-8C32-4821-AC65-BD47294ACD8E
CAP-N-011	5A8D06DD-8C32-4821-AC65-BD47294ACD8E
CAP-N-012	5A8D06DD-8C32-4821-AC65-BD47294ACD8E
CAP-N-013	5A8D06DD-8C32-4821-AC65-BD47294ACD8E
CAP-N-014	5A8D06DD-8C32-4821-AC65-BD47294ACD8E
CAP-N-015	5A8D06DD-8C32-4821-AC65-BD47294ACD8E
CAP-N-016	5A8D06DD-8C32-4821-AC65-BD47294ACD8E
CAP-N-017	5A8D06DD-8C32-4821-AC65-BD47294ACD8E
CAP-N-018	5A8D06DD-8C32-4821-AC65-BD47294ACD8E
CAP-N-019	5A8D06DD-8C32-4821-AC65-BD47294ACD8E
CAP-N-020	5A8D06DD-8C32-4821-AC65-BD47294ACD8E
CAP-N-021	5A8D06DD-8C32-4821-AC65-BD47294ACD8E
CAP-N-022	5A8D06DD-8C32-4821-AC65-BD47294ACD8E
CAP-N-023	5A8D06DD-8C32-4821-AC65-BD47294ACD8E
CAP-N-024	5A8D06DD-8C32-4821-AC65-BD47294ACD8E
CAP-N-025	5A8D06DD-8C32-4821-AC65-BD47294ACD8E
CAP-N-026	5A8D06DD-8C32-4821-AC65-BD47294ACD8E
CAP-N-027	5A8D06DD-8C32-4821-AC65-BD47294ACD8E
CAP-N-028	5A8D06DD-8C32-4821-AC65-BD47294ACD8E
CAP-N-029	5A8D06DD-8C32-4821-AC65-BD47294ACD8E
CAP-N-030	5A8D06DD-8C32-4821-AC65-BD47294ACD8E
CAP-N-031	5A8D06DD-8C32-4821-AC65-BD47294ACD8E
CAP-N-032	5A8D06DD-8C32-4821-AC65-BD47294ACD8E
CAP-N-033	5A8D06DD-8C32-4821-AC65-BD47294ACD8E
CAP-N-034	5A8D06DD-8C32-4821-AC65-BD47294ACD8E
CAP-N-035	5A8D06DD-8C32-4821-AC65-BD47294ACD8E
CAP-N-036	5A8D06DD-8C32-4821-AC65-BD47294ACD8E
CAP-N-037	5A8D06DD-8C32-4821-AC65-BD47294ACD8E
