5A8D06DD-8C32-4821-AC65-BD47294ACD8E,CSS1
5A8D06DD-8C32-4821-AC65-BD47294ACD8E,CSS2
5A8D06DD-8C32-4821-AC65-BD47294ACD8E,CSS3
5A8D06DD-8C32-4821-AC65-BD47294ACD8E,CSS4
5A8D06DD-8C32-4821-AC65-BD47294ACD8E,CSS5
5A8D06DD-8C32-4821-AC65-BD47294ACD8E,CSS6
5A8D06DD-8C32-4821-AC65-BD47294ACD8E,CSS7
5A8D06DD-8C32-4821-AC65-BD47294ACD8E,CSS8
5A8D06DD-8C32-4821-AC65-BD47294ACD8E,CSS9
5A8D06DD-8C32-4821-AC65-BD47294ACD8E,CSS10
5A8D06DD-8C32-4821-AC65-BD47294ACD8E,CSS11
5A8D06DD-8C32-4821-AC65-BD47294ACD8E,CSS12
5A8D06DD-8C32-4821-AC65-BD47294ACD8E,CSS13
5A8D06DD-8C32-4821-AC65-BD47294ACD8E,CSS14
5A8D06DD-8C32-4821-AC65-BD47294ACD8E,CSS15
5A8D06DD-8C32-4821-AC65-BD47294ACD8E,CSS16
5A8D06DD-8C32-4821-AC65-BD47294ACD8E,CSS17
5A8D06DD-8C32-4821-AC65-BD47294ACD8E,CSS18
5A8D06DD-8C32-4821-AC65-BD47294ACD8E,CSS19
5A8D06DD-8C32-4821-AC65-BD47294ACD8E,CSS20
5A8D06DD-8C32-4821-AC65-BD47294ACD8E,CSS21
5A8D06DD-8C32-4821-AC65-BD47294ACD8E,CSS22
5A8D06DD-8C32-4821-AC65-BD47294ACD8E,INT1
5A8D06DD-8C32-4821-AC65-BD47294ACD8E,INT2
5A8D06DD-8C32-4821-AC65-BD47294ACD8E,INT3
5A8D06DD-8C32-4821-AC65-BD47294ACD8E,INT4
5A8D06DD-8C32-4821-AC65-BD47294ACD8E,INT5
5A8D06DD-8C32-4821-AC65-BD47294ACD8E,INT6
5A8D06DD-8C32-4821-AC65-BD47294ACD8E,INT7
5A8D06DD-8C32-4821-AC65-BD47294ACD8E,INT8
5A8D06DD-8C32-4821-AC65-BD47294ACD8E,INT9
5A8D06DD-8C32-4821-AC65-BD47294ACD8E,INT10
5A8D06DD-8C32-4821-AC65-BD47294ACD8E,INT11
5A8D06DD-8C32-4821-AC65-BD47294ACD8E,INT12
5A8D06DD-8C32-4821-AC65-BD47294ACD8E,INT13
5A8D06DD-8C32-4821-AC65-BD47294ACD8E,INT14
5A8D06DD-8C32-4821-AC65-BD47294ACD8E,INT15
5A8D06DD-8C32-4821-AC65-BD47294ACD8E,INT16
5A8D06DD-8C32-4821-AC65-BD47294ACD8E,INT17
5A8D06DD-8C32-4821-AC65-BD47294ACD8E,INT18
5A8D06DD-8C32-4821-AC65-BD47294ACD8E,INT19
5A8D06DD-8C32-4821-AC65-BD47294ACD8E,INT20
5A8D06DD-8C32-4821-AC65-BD47294ACD8E,INT21
5A8D06DD-8C32-4821-AC65-BD47294ACD8E,INT22
5A8D06DD-8C32-4821-AC65-BD47294ACD8E,INT23
5A8D06DD-8C32-4821-AC65-BD47294ACD8E,INT24
5A8D06DD-8C32-4821-AC65-BD47294ACD8E,INT25
5A8D06DD-8C32-4821-AC65-BD47294ACD8E,INT26
5A8D06DD-8C32-4821-AC65-BD47294ACD8E,INT27
5A8D06DD-8C32-4821-AC65-BD47294ACD8E,INT28
5A8D06DD-8C32-4821-AC65-BD47294ACD8E,INT29
5A8D06DD-8C32-4821-AC65-BD47294ACD8E,INT30
5A8D06DD-8C32-4821-AC65-BD47294ACD8E,INT31
5A8D06DD-8C32-4821-AC65-BD47294ACD8E,INT32
5A8D06DD-8C32-4821-AC65-BD47294ACD8E,INT33
5A8D06DD-8C32-4821-AC65-BD47294ACD8E,OS1
5A8D06DD-8C32-4821-AC65-BD47294ACD8E,OS2
5A8D06DD-8C32-4821-AC65-BD47294ACD8E,OS3
5A8D06DD-8C32-4821-AC65-BD47294ACD8E,OS4
5A8D06DD-8C32-4821-AC65-BD47294ACD8E,OS5
5A8D06DD-8C32-4821-AC65-BD47294ACD8E,OS6
5A8D06DD-8C32-4821-AC65-BD47294ACD8E,OS7
5A8D06DD-8C32-4821-AC65-BD47294ACD8E,OS8
5A8D06DD-8C32-4821-AC65-BD47294ACD8E,OS9
