5A8D06DD-8C32-4821-AC65-BD47294ACD8E	STD-O-001
5A8D06DD-8C32-4821-AC65-BD47294ACD8E	STD-O-002
5A8D06DD-8C32-4821-AC65-BD47294ACD8E	STD-O-003
5A8D06DD-8C32-4821-AC65-BD47294ACD8E	STD-O-004
5A8D06DD-8C32-4821-AC65-BD47294ACD8E	STD-O-005
5A8D06DD-8C32-4821-AC65-BD47294ACD8E	STD-O-006
5A8D06DD-8C32-4821-AC65-BD47294ACD8E	STD-O-007
5A8D06DD-8C32-4821-AC65-BD47294ACD8E	STD-O-008
5A8D06DD-8C32-4821-AC65-BD47294ACD8E	STD-O-009
5A8D06DD-8C32-4821-AC65-BD47294ACD8E	STD-O-010
5A8D06DD-8C32-4821-AC65-BD47294ACD8E	STD-O-011
5A8D06DD-8C32-4821-AC65-BD47294ACD8E	STD-X-012
5A8D06DD-8C32-4821-AC65-BD47294ACD8E	STD-X-013
5A8D06DD-8C32-4821-AC65-BD47294ACD8E	STD-X-014
5A8D06DD-8C32-4821-AC65-BD47294ACD8E	STD-X-015
5A8D06DD-8C32-4821-AC65-BD47294ACD8E	STD-C-016
5A8D06DD-8C32-4821-AC65-BD47294ACD8E	STD-C-017
5A8D06DD-8C32-4821-AC65-BD47294ACD8E	STD-C-018
5A8D06DD-8C32-4821-AC65-BD47294ACD8E	STD-C-019
5A8D06DD-8C32-4821-AC65-BD47294ACD8E	STD-C-020
5A8D06DD-8C32-4821-AC65-BD47294ACD8E	STD-C-021
5A8D06DD-8C32-4821-AC65-BD47294ACD8E	STD-C-022
5A8D06DD-8C32-4821-AC65-BD47294ACD8E	STD-C-023
5A8D06DD-8C32-4821-AC65-BD47294ACD8E	STD-C-024
5A8D06DD-8C32-4821-AC65-BD47294ACD8E	STD-C-025
5A8D06DD-8C32-4821-AC65-BD47294ACD8E	STD-C-026
5A8D06DD-8C32-4821-AC65-BD47294ACD8E	STD-C-027
5A8D06DD-8C32-4821-AC65-BD47294ACD8E	STD-C-028
5A8D06DD-8C32-4821-AC65-BD47294ACD8E	STD-C-029
5A8D06DD-8C32-4821-AC65-BD47294ACD8E	STD-C-030
5A8D06DD-8C32-4821-AC65-BD47294ACD8E	STD-C-031
5A8D06DD-8C32-4821-AC65-BD47294ACD8E	STD-C-032
5A8D06DD-8C32-4821-AC65-BD47294ACD8E	STD-C-033
5A8D06DD-8C32-4821-AC65-BD47294ACD8E	STD-C-034
5A8D06DD-8C32-4821-AC65-BD47294ACD8E	STD-C-035
5A8D06DD-8C32-4821-AC65-BD47294ACD8E	STD-C-036
